Position,Timestamp,Model,Prompt Tokens,Prompt USD,Completion Tokens,Completion USD,Total Tokens,Total USD
1,2026-07-09 01:48:44,deepseek-v4-flash,15177,0,342,0,15519,0
2,2026-07-09 01:49:30,deepseek-v4-flash,132049,0,2159,0,134208,0
3,2026-07-09 01:50:12,deepseek-v4-flash,69284,0,2945,0,72229,0
4,2026-07-09 01:51:41,deepseek-v4-flash,316878,0,5447,0,322325,0
5,2026-07-09 01:52:13,deepseek-v4-flash,19611,0,3305,0,22916,0
6,2026-07-09 01:52:32,deepseek-v4-flash,16943,0,741,0,17684,0
7,2026-07-09 01:53:45,deepseek-v4-flash,151275,0,3778,0,155053,0
8,2026-07-09 01:54:12,deepseek-v4-flash,20399,0,2204,0,22603,0
9,2026-07-09 01:54:43,deepseek-v4-flash,37148,0,1661,0,38809,0
10,2026-07-09 01:55:05,deepseek-v4-flash,15498,0,1499,0,16997,0
11,2026-07-09 01:55:22,deepseek-v4-flash,10351,0,1456,0,11807,0
12,2026-07-09 01:55:56,deepseek-v4-flash,54334,0,1892,0,56226,0
13,2026-07-09 01:57:44,deepseek-v4-flash,243162,0,3618,0,246780,0
14,2026-07-09 01:57:58,deepseek-v4-flash,9315,0,700,0,10015,0
15,2026-07-09 01:58:15,deepseek-v4-flash,9242,0,1089,0,10331,0
16,2026-07-09 02:00:52,deepseek-v4-flash,705837,0,7208,0,713045,0
17,2026-07-09 02:01:45,deepseek-v4-flash,56075,0,2787,0,58862,0
18,2026-07-09 02:02:05,deepseek-v4-flash,27334,0,1210,0,28544,0
19,2026-07-09 02:02:18,deepseek-v4-flash,12701,0,1013,0,13714,0
20,2026-07-09 02:02:32,deepseek-v4-flash,11823,0,881,0,12704,0
21,2026-07-09 02:02:47,deepseek-v4-flash,10903,0,974,0,11877,0
22,2026-07-09 02:03:10,deepseek-v4-flash,22148,0,1630,0,23778,0
23,2026-07-09 02:03:34,deepseek-v4-flash,35682,0,1131,0,36813,0
24,2026-07-09 02:05:18,deepseek-v4-flash,329850,0,3368,0,333218,0
25,2026-07-09 02:05:49,deepseek-v4-flash,51196,0,1437,0,52633,0
26,2026-07-09 02:06:03,deepseek-v4-flash,11565,0,868,0,12433,0
27,2026-07-09 02:07:54,deepseek-v4-flash,398835,0,6094,0,404929,0
28,2026-07-09 02:08:32,deepseek-v4-flash,21454,0,3649,0,25103,0
29,2026-07-09 02:09:13,deepseek-v4-flash,37034,0,3188,0,40222,0
30,2026-07-09 03:40:17,deepseek-v4-flash,145294,0,2042,0,147336,0
31,2026-07-09 03:40:42,deepseek-v4-flash,39828,0,1091,0,40919,0
32,2026-07-09 03:40:48,deepseek-v4-flash,3796,0,474,0,4270,0
33,2026-07-09 03:41:05,deepseek-v4-flash,10868,0,1131,0,11999,0
34,2026-07-09 03:41:43,deepseek-v4-flash,40143,0,1411,0,41554,0
35,2026-07-09 03:42:05,deepseek-v4-flash,10035,0,1735,0,11770,0
36,2026-07-09 03:42:16,deepseek-v4-flash,9944,0,623,0,10567,0
37,2026-07-09 03:43:47,deepseek-v4-flash,234502,0,3155,0,237657,0
38,2026-07-09 03:44:10,deepseek-v4-flash,28472,0,1106,0,29578,0
39,2026-07-09 03:44:28,deepseek-v4-flash,10443,0,840,0,11283,0
40,2026-07-09 03:46:58,deepseek-v4-flash,607746,0,6543,0,614289,0
41,2026-07-09 03:49:28,deepseek-v4-flash,46051,0,1675,0,47726,0
42,2026-07-09 03:49:49,deepseek-v4-flash,26288,0,1474,0,27762,0
43,2026-07-09 03:50:01,deepseek-v4-flash,12114,0,743,0,12857,0
44,2026-07-09 03:50:18,deepseek-v4-flash,12814,0,1273,0,14087,0
45,2026-07-09 03:50:49,deepseek-v4-flash,29100,0,1904,0,31004,0
46,2026-07-09 03:51:05,deepseek-v4-flash,12283,0,1326,0,13609,0
47,2026-07-09 03:51:09,deepseek-v4-flash,4865,0,508,0,5373,0
48,2026-07-09 03:52:15,deepseek-v4-flash,119870,0,3141,0,123011,0
49,2026-07-09 03:52:42,deepseek-v4-flash,38452,0,1122,0,39574,0
50,2026-07-09 03:53:01,deepseek-v4-flash,18876,0,962,0,19838,0
51,2026-07-09 03:54:58,deepseek-v4-flash,378540,0,6933,0,385473,0
52,2026-07-09 03:55:18,deepseek-v4-flash,11532,0,992,0,12524,0
53,2026-07-09 03:55:22,deepseek-v4-flash,4589,0,536,0,5125,0
54,2026-07-09 03:55:54,deepseek-v4-flash,29571,0,1249,0,30820,0
55,2026-07-09 03:56:06,deepseek-v4-flash,12653,0,611,0,13264,0
56,2026-07-09 03:57:15,deepseek-v4-flash,83170,0,1432,0,84602,0
57,2026-07-09 03:57:44,deepseek-v4-flash,30189,0,1646,0,31835,0
58,2026-07-09 03:57:53,deepseek-v4-flash,11642,0,610,0,12252,0
59,2026-07-09 03:58:25,deepseek-v4-flash,36576,0,2539,0,39115,0
60,2026-07-09 03:59:13,deepseek-v4-flash,109311,0,1678,0,110989,0
61,2026-07-09 03:59:24,deepseek-v4-flash,11679,0,761,0,12440,0
62,2026-07-09 04:00:57,deepseek-v4-flash,222247,0,6814,0,229061,0
63,2026-07-09 05:32:00,deepseek-v4-flash,88973,0,3080,0,92053,0
64,2026-07-09 05:32:17,deepseek-v4-flash,22358,0,557,0,22915,0
65,2026-07-09 05:32:29,deepseek-v4-flash,12417,0,622,0,13039,0
66,2026-07-09 05:32:39,deepseek-v4-flash,11249,0,493,0,11742,0
67,2026-07-09 05:33:09,deepseek-v4-flash,26967,0,1318,0,28285,0
68,2026-07-09 05:33:43,deepseek-v4-flash,32381,0,2070,0,34451,0
69,2026-07-09 05:34:00,deepseek-v4-flash,20515,0,1068,0,21583,0
70,2026-07-09 05:35:56,deepseek-v4-flash,276706,0,3719,0,280425,0
71,2026-07-09 05:36:48,deepseek-v4-flash,86159,0,1708,0,87867,0
72,2026-07-09 05:38:07,deepseek-v4-flash,36929,0,5600,0,42529,0
73,2026-07-09 05:41:09,deepseek-v4-flash,708528,0,9547,0,718075,0
74,2026-07-09 05:41:44,deepseek-v4-flash,44851,0,1393,0,46244,0
75,2026-07-09 05:42:05,deepseek-v4-flash,26374,0,1190,0,27564,0
76,2026-07-09 05:42:27,deepseek-v4-flash,19485,0,1239,0,20724,0
77,2026-07-09 05:42:40,deepseek-v4-flash,11367,0,843,0,12210,0
78,2026-07-09 05:42:51,deepseek-v4-flash,11328,0,630,0,11958,0
79,2026-07-09 05:43:30,deepseek-v4-flash,46895,0,2119,0,49014,0
80,2026-07-09 05:43:43,deepseek-v4-flash,12078,0,860,0,12938,0
81,2026-07-09 05:44:48,deepseek-v4-flash,168720,0,2200,0,170920,0
82,2026-07-09 05:45:16,deepseek-v4-flash,27287,0,1841,0,29128,0
83,2026-07-09 05:45:21,deepseek-v4-flash,4781,0,381,0,5162,0
84,2026-07-09 05:45:43,deepseek-v4-flash,4494,0,1856,0,6350,0
SUMMARIZED,-,-,6957428,0,172688,0,7130116,0
