run,position,node_hash,reviewer_score,is_buggy,is_satisfactory,conditions_completed,datasets_evaluated,metric_values_printed,ended_with_error,numeric_seed_statistics
L00,4,0e06d749206a4f1e8ca221322754c75b,0.25,True,False,3,1,True,True,False
L00,6,32437fd016bc4c5a9b141cbc32a47f17,0.25,True,False,3,1,True,True,False
L00,3,3f4ffbd5b3fc405699aa7539877a5e10,0.15,True,False,0,0,False,True,False
L00,2,4b7a3a5432aa49188348e1081c554734,0.2,True,False,3,1,True,True,False
L00,0,638a4b2555274c85bcc3e6928c5979fb,0.1,True,False,0,0,False,True,False
L00,1,6693c058edef44b9b5858e2857e8ae0a,0.05,True,False,0,0,False,True,False
L00,5,d4f340fed16c4527bccdb72d72a29fff,0.15,True,False,0,0,False,True,False
L01,6,2a17627a944349df8f2f5b244947cca5,0.4348,True,False,0,0,False,False,False
L01,4,5676b59b44d2409ba6c84f6573372c5b,0.3478,True,False,0,0,False,True,False
L01,3,5b65bfb25e1a4f259d17ccb97ccf9990,0.6087,True,False,28,2,True,True,False
L01,5,b1c8ad9bdf8e4ff78ede4f2e0d08c50b,0.1739,True,False,0,0,False,True,False
L01,0,cf247edded4b4fd19d77fb5bd76e34fe,0.2174,True,False,0,0,False,True,False
L01,1,cfd3c9f6a4274519a1107f126c7d3e6e,0.1304,True,False,0,0,False,True,False
L01,2,ebc1700ec9f34310b5a8adfdea589277,0.5217,True,False,21,2,True,True,False
L02,5,2a3c7b9beae9464191504cf9b1cdda45,0.2667,True,False,0,0,False,True,False
L02,1,3a36b7ae2ae543db8ce10e6f821fbbfa,0.1333,True,False,0,0,False,True,False
L02,4,4bd10cd95ad24134a771531aee54f96e,0.3333,True,False,0,0,False,True,False
L02,2,7c7ef2d6f0a6496489af259d0e348e30,0.5333,True,False,29,2,True,True,False
L02,3,a9652cd3f59e4f66b1bedc6a8d8eff2d,0.0,True,False,0,0,False,False,False
L02,0,afe8916b68d044e7b94e57e4b95b48b7,0.2,True,False,0,0,False,True,False
L02,6,eb31459a2c99427a80d7f28188edc9d9,0.5333,True,False,36,3,True,True,False
L03,3,6f5cb18cbed94467aa2bb55ef6590d37,0.3333,True,False,0,0,False,True,False
L03,5,78b415f2ca284a688590883649cee1b4,0.4667,True,False,29,2,True,True,False
L03,6,8c7e5ec4328147ed867a8a18daaea29b,0.2667,True,False,0,0,False,True,False
L03,4,ad76fe0ae61f4ca3b964339fa3f9aaa3,0.0,True,False,0,0,False,False,False
L03,1,ce8fe68cf28f470da8e105ddd2cf720a,0.2,True,False,0,0,False,True,False
L03,2,d4732e83d7334ffcbd7baa86007f5d5e,0.3333,True,False,0,0,True,True,False
L03,0,ead60d44de3c4b238f76f349865ff96c,0.2667,True,False,0,0,False,True,False
L04,3,2403571f12ef4c0291b5007d0b6d44b8,0.6364,True,False,15,1,True,True,True
L04,5,36131f8b6bbd4079937fb428212bd4e6,0.8182,True,False,20,2,True,False,True
L04,0,4e6331c495864cdbbc892cd671a76c96,0.2727,True,False,0,0,False,True,False
L04,1,708374ad472b41609482d999fa99e05d,0.1818,True,False,0,0,False,True,False
L04,2,9946248cc79447f8bd8274f180478c17,0.6364,True,False,21,2,True,True,False
L04,4,e635948046164053bf5cc406e94c23c9,0.8182,True,False,20,2,True,False,True
L04,6,f58e6f3615674ddab30bd5738c6addaa,0.6364,True,False,20,2,True,False,True
M01,6,1371406d0c054b9f9b3efca2243f7352,0.1538,True,False,0,0,False,True,False
M01,4,2a59c3f52ea646aca59d7e1d274316d3,0.3846,True,False,20,2,True,True,False
M01,5,569b9c48849d49748bd2717bf0b7ddb1,0.2308,True,False,20,2,True,True,False
M01,3,6bcd156bbe6c4391a8080598f09d3328,0.2308,True,False,0,0,False,True,False
M01,1,7be469a1ae6e4cca858a9508ae6673e2,0.1538,True,False,0,0,False,True,False
M01,0,c60f180bacee4237a94fe6683e810d7b,0.0,True,False,0,0,False,True,False
M01,2,e25e1b58cc6e48638c77e73ea8f57e1b,0.1538,True,False,0,0,False,True,False
M02,2,11994d8a8f974af08b431b594f69b219,0.2727,True,False,24,2,True,True,False
M02,5,38a5dd5960db4f608fe1b3c4c71898de,0.1818,True,False,20,2,True,False,True
M02,0,6b7efc9f59f24732a883867477e76c5b,0.0,True,False,0,0,False,True,False
M02,3,7b4da3d996d0412aa113f5b6f4806020,0.0909,True,False,0,0,False,True,False
M02,1,d8db4d06c11f4380ba6aca6aee2943f5,0.0909,True,False,0,0,False,True,False
M02,4,e9a708ade3d243c3bbbe89bfde3490ee,0.2727,True,False,24,2,True,True,False
M02,6,f7de1d5b00e94c1ea4296fc3b32aca84,0.0909,True,False,0,0,False,True,False
M03,6,0fcc2aeff211400b8f9e2c0c3a9ac327,0.1818,True,False,0,0,False,True,False
M03,5,223c795a4f0b414595d327d30c4eb5db,0.0,True,False,0,0,False,True,False
M03,0,43b67ee843d24a67a737d21d217f4cb6,0.1818,True,False,4,2,True,False,False
M03,1,534ee76670794deea549a6993460f7a9,0.2727,True,False,0,0,False,False,False
M03,4,6d55841318de4c128320574d2834563e,0.0909,True,False,0,0,False,True,False
M03,3,70f3ad14edab4bf9a19d7860f250bd60,0.0,True,False,3,1,True,True,False
M03,2,bf215e71e96f417d9a0581b65b2b1392,0.0,True,False,0,0,False,True,False
M04,2,2e0100d67a32474b8554e2b3a80948ec,0.1538,True,False,0,0,False,True,False
M04,1,36a5918866894939af66ca71d4d61ef4,0.0,True,False,0,0,False,True,False
M04,5,86b8f22309ac47d5a4831ba2b8a15a02,0.1538,True,False,0,0,False,True,False
M04,0,8bc5b87ba40a4f3eabd9b985373625c8,0.0,True,False,0,0,False,False,False
M04,4,d05a9bb5ba4643aabac1e2aaea47594e,0.0769,True,False,0,0,False,True,False
M04,6,d3a7588bf9a04367980e0825b9c7fbe5,0.1538,True,False,0,0,False,True,False
M04,3,df1d0daebf4343aeacb93eb19c40bad2,0.4615,True,False,20,2,True,False,True
M05,0,372af0a534f74c1595dc423411263bef,0.0,True,False,0,0,False,False,False
M05,3,6565cebeeb3a484eb8a5c4b858b7796c,0.1818,True,False,0,0,False,True,False
M05,5,9cb0a289dc214d40a9e46d0c96876c95,0.0,True,False,0,0,False,True,False
M05,6,c14a830fb7bd45d1b02b309cedf83696,0.0909,True,False,0,0,False,True,False
M05,4,cd6d08ab94874b3e97fd181f8d27116b,0.0,True,False,0,0,False,True,False
M05,2,d3825909efc5415ea7b66773afc25825,0.0909,True,False,0,0,False,True,False
M05,1,d598bbecb4064d0c8db12ed11126253f,0.0,False,False,0,0,False,False,False
M06,5,2067a2fc1e9e4bbabf4dad14219232aa,0.5333,True,False,20,2,True,False,True
M06,6,26dc6adf31dc4133ba5afc4e54639164,0.3333,True,False,20,2,True,False,True
M06,2,2c926d008de240f281ecb9a228bfe597,0.2,True,False,0,0,False,True,False
M06,1,6df10432b1804f6584ad94273ca7bcaf,0.0,True,False,0,0,False,True,False
M06,4,c721a94793864943a9be491273fb8c0b,0.2,True,False,0,0,False,True,False
M06,3,d81e73cd4fcc40cfbef0fff152c6329d,0.2667,True,False,20,2,True,False,False
M06,0,f516fa3638fc47a8a7a9703cd15532d5,0.2,True,False,0,0,False,True,False
M07,1,0f816b8f8cad47818f9ab1e1483b5a3f,0.0,True,False,3,1,True,True,False
M07,4,3d14b66ff5e940878a92e733089f542b,0.0833,True,False,0,0,False,True,False
M07,2,680712947c4d4104a3a1b9764c943b74,0.0,True,False,0,0,False,True,False
M07,5,6ccc30f4b7234b2f806c5a5c50b4f8a9,0.0,True,False,3,1,True,True,False
M07,0,75790c9b45624913a1b0004bd7e7b128,0.0833,True,False,3,1,True,True,False
M07,6,8b230c7dcf5c4236934c64b18810a395,0.0833,True,False,0,0,False,True,False
M07,3,f0215e7844374fa8b5b1384673b9770f,0.0,True,False,20,2,True,True,False
M08,2,0dfc166a9fda4d12b322996aaf3022c1,0.25,True,False,20,2,True,True,True
M08,6,1d50ae16195345f297c33c3c27a28eda,0.0833,True,False,0,0,False,True,False
M08,3,2841dab3a75a41a384f4d324a3067e5b,0.3333,True,False,20,2,True,False,True
M08,4,337faad0f45d4fd6aa6ec18f4736c025,0.0833,True,False,20,2,True,True,True
M08,1,499b3b6027744b9098b23c8400fcf409,0.0833,True,False,0,0,False,True,False
M08,5,66fb3ddd0b9b408bbdb2f202a61b3203,0.0833,True,False,0,0,False,True,False
M08,0,cf9ec060183145dfbf2fd4b6f17dc282,0.0833,True,False,4,2,True,True,False
M09,0,2de731a6fb604c82a30cf059f094aba1,0.1667,True,False,0,0,False,True,False
M09,4,833ef364df4443be9f40b43b9128cee3,0.1667,True,False,0,0,False,True,False
M09,1,841ef7a388ea41fb89619264a7588029,0.0833,True,False,0,0,False,True,False
M09,6,9195ae0a62fa4fa99770cbc6a133cf37,0.5,True,False,15,1,True,False,True
M09,2,b0e3df9015364d40a0eab22b37e752fc,0.1667,True,False,0,0,False,True,False
M09,3,d6eba4bdf63948a9bfb90512dea4508f,0.1667,True,False,3,1,True,True,False
M09,5,f5fb49de100a468197fc7d6e54fe57cc,0.1667,True,False,3,1,True,True,False
M10,2,4bb9f0c25633466b9d371f9af00cf682,0.0833,True,False,24,2,True,True,False
M10,5,59a769ec05f74a6aac82df06513b343e,0.0833,True,False,0,0,False,True,False
M10,0,8125d6682f41472491fe7ccd6d307dc4,0.25,True,False,0,0,False,True,False
M10,4,9174c1ef3b4b4d3e86d971892af1b402,0.1667,True,False,24,2,True,True,False
M10,6,997c6ffd971b45dd9609d09437fc6920,0.5,True,False,18,2,True,True,False
M10,1,c26640c9ae90409abaef564dc1bbec28,0.0833,True,False,0,0,False,True,False
M10,3,f1d21e2d7b8447b7b4f4edcf71ec8d48,0.5,True,False,24,2,True,True,False
T01,4,1a9cd74b5f49407696b6fbee7ba5bc40,0.2,True,False,20,2,True,False,True
T01,1,1f40f2d1e57e424aa5ef344f4e0cf982,0.3,True,False,0,0,False,True,False
T01,3,22731c385aa948cab5160346074e44b0,0.2,True,False,0,0,False,True,False
T01,5,4f3c97a00b2747e89dfcf6d2345e0756,0.2,True,False,0,0,False,True,True
T01,6,6637738e3bb84bd6abf80f07f90e736e,0.7,False,False,30,2,True,False,True
T01,0,ba44ebf020a948dcb0047067d9429725,0.2,True,False,0,0,False,False,False
T01,2,c4d1d926e827405697bdc6af08d98aae,0.5,True,False,0,0,False,True,False
T02,6,60a25776e786466f8a8300ce27a5ed98,0.6667,True,False,16,2,True,True,False
T02,5,62ea15c8f5b7450699de90748452cedb,0.5556,True,False,0,0,False,True,False
T02,1,937a895a4b034c1d8847ec23b67b7e2b,0.5556,True,False,0,0,False,True,False
T02,3,afefa4b2a4664914a0c6ed348f224bdb,0.4444,True,False,0,0,False,True,False
T02,0,d7925c35386e4713a184a2d321bfc1d9,0.4444,True,False,0,0,False,True,False
T02,4,e2462b97503d4fc5bf7795c0ce0dcb04,0.6667,True,False,20,2,True,True,False
T02,2,ed36a08b25ba4042b2594e3869ee4edd,0.6667,True,False,11,2,True,True,False
T03,2,01178613a6164775aee9813c8c68ca33,0.2222,True,False,0,0,False,True,False
T03,3,188686056dd343139c35c8b8ba53ee11,0.5556,True,False,0,0,False,True,False
T03,5,1da6267e91554f42a919ff1161bf330d,0.0,True,False,0,0,False,True,False
T03,6,2b5dee99f2034a1692f3d90aed426067,0.5556,True,False,0,0,False,True,False
T03,0,50e68cc52ce544d292ed10a4cc8175ee,0.3333,True,False,0,0,False,True,True
T03,4,bdbeead7dfe046028a1a4740bb742d66,0.3333,True,False,0,0,False,True,False
T03,1,e04739206f8c4416b0caf8bf90afeb77,0.3333,True,False,0,0,False,True,False
T04,1,a4e2a67469384f16a4e56acdf2a36519,0.4545,True,False,0,0,False,True,False
T04,0,aa427fac2584457aaa06c4a3c659ff35,0.5455,True,False,0,0,False,True,False
T05,3,1c5d1a049baa4caa8a6a87c1df6bf785,0.5714,True,False,0,0,False,True,False
T05,5,2630e2f75dc7458b8c456679e6756bbf,0.4286,True,False,0,0,False,True,False
T05,1,297ac1f26a534f3db6b8504c2bc2aa21,0.4286,True,False,0,0,False,True,False
T05,0,4b814362352f4e32ab25250cf5524bbe,0.4286,True,False,0,0,False,True,False
T05,2,5a3b80facb18474faa80c3b818e75d66,1.0,True,False,20,2,True,True,False
T05,6,ae0b88330a8d4a5da660e9c92e00c14c,0.7143,True,False,20,2,True,True,False
T05,4,e2b55e0e2ff34e3a9d53166df1fe4ce8,0.2857,True,False,0,0,False,True,False
T06,5,09e57716d9424b9a82e0cb9869a8ae1d,0.8889,True,False,17,2,True,True,False
T06,0,1f5ce155c46c45b4808d9b34d9eb2cc5,0.7778,True,False,0,0,False,True,False
T06,4,3c859e310f8044569d35e3503f619b8a,0.7778,True,False,0,0,False,True,False
T06,2,635c010efd0442578a2d278dd52d4cfe,0.6667,True,False,23,2,True,True,False
T06,6,88618abb6738466f8098ac387e02820e,0.5556,True,False,0,0,False,True,False
T06,3,896e4aa3d7e04c7e9efe5381de5f243a,0.7778,True,False,3,1,True,True,False
T06,1,aa4a60d14a594015aafa2008db3bcf7d,0.6667,True,False,0,0,False,True,False
T07,2,1360a20fdef74655ace682f76150df45,0.7,True,False,5,2,False,True,False
T07,3,21f17f5239a44b97a9416e34ca70ebef,0.6,True,False,0,0,False,True,False
T07,0,5925b5cfb9824104b4d6ad13ae0b7d31,0.7,True,False,0,0,False,True,False
T07,1,72bb44bfd13b422398ad574b12fc9343,0.6,True,False,0,0,False,True,False
T08,1,5bacdcaffe0249b0aa54370cfa4b216e,0.125,True,False,0,0,False,True,False
T08,0,60ba0f719d4b4e9ab7e6224764914ff1,0.0,True,False,0,0,False,True,False
T08,2,d828dbfd2f00433baefa52d9d6e18bf9,0.25,True,False,22,2,True,True,False
T09,4,2798659182924ba390e43faebd0fe6a2,0.625,True,False,0,0,False,True,False
T09,0,3d814616f5fe41d18a778fd143771221,0.5,True,False,0,0,False,True,False
T09,3,6b671989ac5d4258b3fee3d2b4f90a83,0.625,True,False,0,0,False,True,False
T09,1,71237ce621b040fca2511014f0fe65e7,0.625,True,False,0,0,False,True,False
T09,2,800bf87ffdb64d39a265308f390b6746,0.625,True,False,17,2,True,True,False
T09,6,a497bbefc11c4206872a2f3b79c19ca1,0.625,True,False,0,0,False,True,False
T09,5,ab76025240e14e03a334b03eef6bb2c9,0.625,True,False,15,1,True,False,True
T10,5,0ca970329ce44ef2994a866414363c3d,0.4444,True,False,17,2,True,True,False
T10,4,1e8dfbbcc3614975900eea572a78e994,0.3333,True,False,0,0,False,True,False
T10,2,224f88078695498f92daac4bf1291d51,0.7778,True,False,0,0,False,True,False
T10,0,39d23bd53d7d4126a7ac177d695becdd,0.3333,True,False,0,0,False,True,False
T10,3,825533f3109f47f68309f6de3e18d65b,0.3333,True,False,0,0,False,False,True
T10,6,b1a05033000c4f869c8a7f58c2b14b6e,0.3333,True,False,0,0,False,True,False
T10,1,d5b3f9e1cc4c4a749c6f168d11c14d25,0.2222,True,False,0,0,False,True,False
C01,4,1f8fd70d2ff9451ca563a9fff41fe205,0.7222,True,False,27,2,True,False,True
C01,3,7376cfbe4ef042abbfedba9318cda3ad,0.9444,False,False,25,3,True,False,True
C01,1,8a92fc8ce5ac414d89aac9437f5c8581,0.5556,True,False,29,2,True,True,False
C01,5,a8efc89a022c450bb8b4b81fb3ca797a,0.7222,True,False,24,2,True,False,True
C01,6,b50d99b9e3f1409ab7467536fe4d2d7a,0.7222,True,False,29,10,True,True,False
C01,0,d3263ad1f060496c8828e3a25c7b669b,0.6667,True,False,30,2,True,True,False
C01,2,e4e8323e8bec4c46872cd200561ece21,0.6111,True,False,38,3,True,True,False
